25957,ORT TRAY CHARNLEY RETRACTOR
25959,ORT TRAY SPINAL A
25960,ORT TRAY SPINAL B
25961,ORT TRAY SPINAL C
25966,GEN HEMORRHOIDECTOMY SET
25967,GEN INTESTINAL VASCULAR
25968,GEN SIGMOIDOSCOPY/POLY
25971,OH TRAY STERNUM SAW
25972,OH TRAY OPEN HEART P.A.
25973,EYE PLASTIC
25976,OR/ENT KARL STORZ FRONTAL SINUS TRAY
25977,ENT TRACH
25978,ENT EAR
25981,ENT NASAL ANESTHESIA
25990,OH TRAY OPEN HEART VALVE
25991,OH TRAY OPEN HEART
25992,THO TRAY MEDIASTINOSCOPY INSTRUMENTS
25993,THO TRAY CHEST OPEN
25994,THO TRAY RIB
26002,VAS TRAY RENAL TIBIA
26003,VAS TRAY MINI VASCULAR
26004,VAS TRAY MINOR VASCULAR
26005,EYE SCELERAL BUCKLE
26006,EYE CATARACT LARGE SET
26008,GYN D & C
26009,GYN ABDOMINAL HYSTERECTOMY
26010,GYN VAGINAL HYSTERECTOMY (1 of 2)
26011,PL TRAY PLASTIC BASIC
26012,PL TRAY PLASTIC DELICATE
26013,GYN VAGINAL HYSTERECTOMY (2 of 2)
26014,GEN DEEP PELVIS
26016,GEN LAPAROSCOPIC, KARL STORZ
26017,GEN BOOKWALTER RETRACTOR
26018,GEN BOOKWALTER RINGS AND POSTS
26019,ORT TRAY LAMBOTTE OSTEOTOME
26023,ORT TRAY MINOR ORTHO
26025,ORT TRAY TOTAL HIP
26031,CL/SICU ANKENEY RETRACTOR
26676,LARYNGOSCOPY
26757,GU TRAY RETRACTOR BALFOUR
26758,OMNI FASTRACK
26766,MICRO LAYRNGOSCOPY
26770,OR/ENT SET STAMMBERGER BIPOLAR SUCTION FORCEPS
26776,OR/ORT STRYKER BIPOLAR TRAY
26818,OR/PLASTICS (DR. WALSH) DEAVER RET.
26829,ORT SET STRYKER CORE DRILL/INSTRUMENTS
26871,ORT TRAY HAND AND WRIST
26873,ORT STRYKER KNEE ARTHROSCOPY SET
26877,ORT ARTHREX KNEE ARTHROSCOPY
26878,ORT KNEE ARTHROSCOPY CONFEED
26894,GYN CYSTO SET
26898,GEN NISSEN PAN #1
26899,ENT BASIC F.E.S.S.
26904,VAS KELLY-WICK TUNNELER (NEW)
26947,MAJOR BASIC
26978,ENT NECK DISSECTION
26995,OH TRAY DEFIB INTERNAL
26997,OH RETRACTOR COUETIL IMA
27020,ORT TRAY PODIATRY
27141,ORT/POD KIRSCHNER AND STEINMANN (PINS WIRES)
27591,ORT GUIDE WIRES 18 GAUGE (IMPLANT)
27600,ORTHO FEMORAL IMPACTOR
27621,ORT TRAY BASIC ORTHO
27765,ORT TRAY PLASTIC-HAND TRAY (DR. WALSH)
27796,GU TUR BOWL
27825,GEN THYROID
27831,ENT NASAL
27949,EYE PHACO SET
27967,GEN TRAY MINOR BASIC
29513,ORT TRAY AMPUTATION
88888,GU CAMERA
99999,GELPI RETRACTOR
